Tweet,Sentiment
I just received my order.,Neutral
I don’t have an opinion yet.,Neutral
Terrible experience.,Negative
Just trying it out.,Neutral
Horrible and cheap.,Negative
This made my day!,Positive
Best purchase ever!,Positive
Worst customer service ever.,Negative
Delivered on time.,Neutral
Using the product as expected.,Neutral
"It's okay, nothing special.",Neutral
What a great experience!,Positive
Just trying it out.,Neutral
Broken when it arrived.,Negative
Highly recommend this brand!,Positive
This is the worst!,Negative
Packaging was average.,Neutral
Absolutely thrilled with the update!,Positive
I’ll see how it performs.,Neutral
Broken when it arrived.,Negative
Amazing service!,Positive
Never buying from here again.,Negative
"Poor quality, not worth the price.",Negative
"Poor quality, not worth the price.",Negative
Terrible experience.,Negative
Completely disappointed with the service.,Negative
"Excellent performance, as expected.",Positive
"Excellent performance, as expected.",Positive
"Not good, not bad.",Neutral
What a great experience!,Positive
Very frustrated and angry.,Negative
What a great experience!,Positive
I don’t have an opinion yet.,Neutral
"Excellent performance, as expected.",Positive
I just received my order.,Neutral
Highly recommend this brand!,Positive
What a great experience!,Positive
Just trying it out.,Neutral
Completely disappointed with the service.,Negative
I love this product!,Positive
Best purchase ever!,Positive
Worst customer service ever.,Negative
Very frustrated and angry.,Negative
Completely disappointed with the service.,Negative
I hate this so much.,Negative
"Poor quality, not worth the price.",Negative
Amazing service!,Positive
"Not good, not bad.",Neutral
"It's okay, nothing special.",Neutral
Packaging was average.,Neutral
Worst customer service ever.,Negative
Horrible and cheap.,Negative
Horrible and cheap.,Negative
Never buying from here again.,Negative
This made my day!,Positive
Completely disappointed with the service.,Negative
Highly recommend this brand!,Positive
Highly recommend this brand!,Positive
I hate this so much.,Negative
I hate this so much.,Negative
Packaging was average.,Neutral
Amazing service!,Positive
I’ll see how it performs.,Neutral
"Poor quality, not worth the price.",Negative
What a great experience!,Positive
Amazing service!,Positive
This made my day!,Positive
I don’t have an opinion yet.,Neutral
I just received my order.,Neutral
"Poor quality, not worth the price.",Negative
I just received my order.,Neutral
Horrible and cheap.,Negative
This is the worst!,Negative
I love this product!,Positive
Terrible experience.,Negative
I just received my order.,Neutral
"Excellent performance, as expected.",Positive
Highly recommend this brand!,Positive
Horrible and cheap.,Negative
So happy with the results!,Positive
Absolutely thrilled with the update!,Positive
I hate this so much.,Negative
Never buying from here again.,Negative
Never buying from here again.,Negative
"Excellent performance, as expected.",Positive
Delivered on time.,Neutral
"Not good, not bad.",Neutral
I don’t have an opinion yet.,Neutral
I just received my order.,Neutral
Just trying it out.,Neutral
Worst customer service ever.,Negative
Horrible and cheap.,Negative
"Poor quality, not worth the price.",Negative
Delivered on time.,Neutral
Broken when it arrived.,Negative
Never buying from here again.,Negative
I don’t have an opinion yet.,Neutral
What a great experience!,Positive
I love this product!,Positive
"Not good, not bad.",Neutral
"Fantastic quality, very satisfied.",Positive
"Poor quality, not worth the price.",Negative
"It's okay, nothing special.",Neutral
Neutral experience so far.,Neutral
Worst customer service ever.,Negative
So happy with the results!,Positive
Never buying from here again.,Negative
Terrible experience.,Negative
Using the product as expected.,Neutral
Highly recommend this brand!,Positive
Best purchase ever!,Positive
Terrible experience.,Negative
I just received my order.,Neutral
This made my day!,Positive
"Excellent performance, as expected.",Positive
"Fantastic quality, very satisfied.",Positive
Broken when it arrived.,Negative
Never buying from here again.,Negative
Completely disappointed with the service.,Negative
Absolutely thrilled with the update!,Positive
Broken when it arrived.,Negative
Never buying from here again.,Negative
Horrible and cheap.,Negative
What a great experience!,Positive
Very frustrated and angry.,Negative
Amazing service!,Positive
Very frustrated and angry.,Negative
I don’t have an opinion yet.,Neutral
I don’t have an opinion yet.,Neutral
Absolutely thrilled with the update!,Positive
"It's okay, nothing special.",Neutral
"Poor quality, not worth the price.",Negative
"It's okay, nothing special.",Neutral
I’ll see how it performs.,Neutral
Packaging was average.,Neutral
Broken when it arrived.,Negative
Absolutely thrilled with the update!,Positive
Horrible and cheap.,Negative
Absolutely thrilled with the update!,Positive
I hate this so much.,Negative
Never buying from here again.,Negative
I’ll see how it performs.,Neutral
Packaging was average.,Neutral
I love this product!,Positive
Amazing service!,Positive
Broken when it arrived.,Negative
I’ll see how it performs.,Neutral
Never buying from here again.,Negative
Terrible experience.,Negative
Best purchase ever!,Positive
Best purchase ever!,Positive
Completely disappointed with the service.,Negative
Amazing service!,Positive
Amazing service!,Positive
This made my day!,Positive
I hate this so much.,Negative
I’ll see how it performs.,Neutral
Broken when it arrived.,Negative
Amazing service!,Positive
Very frustrated and angry.,Negative
What a great experience!,Positive
I love this product!,Positive
Very frustrated and angry.,Negative
Very frustrated and angry.,Negative
Neutral experience so far.,Neutral
Just trying it out.,Neutral
Packaging was average.,Neutral
I just received my order.,Neutral
"Fantastic quality, very satisfied.",Positive
Horrible and cheap.,Negative
Using the product as expected.,Neutral
Just trying it out.,Neutral
"Excellent performance, as expected.",Positive
Broken when it arrived.,Negative
Just trying it out.,Neutral
Just trying it out.,Neutral
I hate this so much.,Negative
Using the product as expected.,Neutral
"It's okay, nothing special.",Neutral
Completely disappointed with the service.,Negative
I’ll see how it performs.,Neutral
"Excellent performance, as expected.",Positive
So happy with the results!,Positive
Neutral experience so far.,Neutral
Delivered on time.,Neutral
Just trying it out.,Neutral
"Not good, not bad.",Neutral
Highly recommend this brand!,Positive
What a great experience!,Positive
Absolutely thrilled with the update!,Positive
"Poor quality, not worth the price.",Negative
Highly recommend this brand!,Positive
Highly recommend this brand!,Positive
So happy with the results!,Positive
"Poor quality, not worth the price.",Negative
"Fantastic quality, very satisfied.",Positive
Terrible experience.,Negative
Neutral experience so far.,Neutral
Absolutely thrilled with the update!,Positive
"Not good, not bad.",Neutral
This is the worst!,Negative
I’ll see how it performs.,Neutral
"Poor quality, not worth the price.",Negative
Best purchase ever!,Positive
This made my day!,Positive
"It's okay, nothing special.",Neutral
Amazing service!,Positive
"It's okay, nothing special.",Neutral
Best purchase ever!,Positive
Using the product as expected.,Neutral
Neutral experience so far.,Neutral
So happy with the results!,Positive
What a great experience!,Positive
Best purchase ever!,Positive
I hate this so much.,Negative
Completely disappointed with the service.,Negative
This made my day!,Positive
Never buying from here again.,Negative
Using the product as expected.,Neutral
Delivered on time.,Neutral
"Poor quality, not worth the price.",Negative
Absolutely thrilled with the update!,Positive
"It's okay, nothing special.",Neutral
Using the product as expected.,Neutral
Completely disappointed with the service.,Negative
Completely disappointed with the service.,Negative
Absolutely thrilled with the update!,Positive
Packaging was average.,Neutral
Never buying from here again.,Negative
Amazing service!,Positive
Terrible experience.,Negative
Best purchase ever!,Positive
"It's okay, nothing special.",Neutral
Completely disappointed with the service.,Negative
Highly recommend this brand!,Positive
Very frustrated and angry.,Negative
Neutral experience so far.,Neutral
I don’t have an opinion yet.,Neutral
What a great experience!,Positive
Best purchase ever!,Positive
Neutral experience so far.,Neutral
Completely disappointed with the service.,Negative
"Excellent performance, as expected.",Positive
Highly recommend this brand!,Positive
Worst customer service ever.,Negative
Packaging was average.,Neutral
So happy with the results!,Positive
This made my day!,Positive
"It's okay, nothing special.",Neutral
"It's okay, nothing special.",Neutral
"Fantastic quality, very satisfied.",Positive
This made my day!,Positive
Very frustrated and angry.,Negative
"It's okay, nothing special.",Neutral
Terrible experience.,Negative
This is the worst!,Negative
Absolutely thrilled with the update!,Positive
This is the worst!,Negative
"It's okay, nothing special.",Neutral
I hate this so much.,Negative
Using the product as expected.,Neutral
Amazing service!,Positive
This is the worst!,Negative
"It's okay, nothing special.",Neutral
This is the worst!,Negative
Broken when it arrived.,Negative
"Fantastic quality, very satisfied.",Positive
Worst customer service ever.,Negative
Never buying from here again.,Negative
Amazing service!,Positive
This made my day!,Positive
"Not good, not bad.",Neutral
Amazing service!,Positive
"It's okay, nothing special.",Neutral
Absolutely thrilled with the update!,Positive
I love this product!,Positive
Very frustrated and angry.,Negative
I love this product!,Positive
"Not good, not bad.",Neutral
I hate this so much.,Negative
"It's okay, nothing special.",Neutral
"Excellent performance, as expected.",Positive
Absolutely thrilled with the update!,Positive
So happy with the results!,Positive
What a great experience!,Positive
Completely disappointed with the service.,Negative
Never buying from here again.,Negative
Terrible experience.,Negative
Absolutely thrilled with the update!,Positive
"Excellent performance, as expected.",Positive
Packaging was average.,Neutral
"It's okay, nothing special.",Neutral
Delivered on time.,Neutral
Amazing service!,Positive
I’ll see how it performs.,Neutral
Absolutely thrilled with the update!,Positive
Terrible experience.,Negative
Packaging was average.,Neutral
Never buying from here again.,Negative
Worst customer service ever.,Negative
"Fantastic quality, very satisfied.",Positive
I just received my order.,Neutral
Worst customer service ever.,Negative
What a great experience!,Positive
Amazing service!,Positive
Broken when it arrived.,Negative
Completely disappointed with the service.,Negative
Packaging was average.,Neutral
This is the worst!,Negative
Using the product as expected.,Neutral
Very frustrated and angry.,Negative
Completely disappointed with the service.,Negative
"Excellent performance, as expected.",Positive
I don’t have an opinion yet.,Neutral
"Poor quality, not worth the price.",Negative
Best purchase ever!,Positive
Packaging was average.,Neutral
Highly recommend this brand!,Positive
This is the worst!,Negative
"Poor quality, not worth the price.",Negative
"Poor quality, not worth the price.",Negative
"Excellent performance, as expected.",Positive
Horrible and cheap.,Negative
I love this product!,Positive
"It's okay, nothing special.",Neutral
Completely disappointed with the service.,Negative
Neutral experience so far.,Neutral
Terrible experience.,Negative
This made my day!,Positive
I just received my order.,Neutral
This made my day!,Positive
Best purchase ever!,Positive
Neutral experience so far.,Neutral
"It's okay, nothing special.",Neutral
I hate this so much.,Negative
"It's okay, nothing special.",Neutral
I don’t have an opinion yet.,Neutral
Neutral experience so far.,Neutral
Delivered on time.,Neutral
Broken when it arrived.,Negative
Amazing service!,Positive
Delivered on time.,Neutral
I love this product!,Positive
I hate this so much.,Negative
Delivered on time.,Neutral
Neutral experience so far.,Neutral
Never buying from here again.,Negative
"Fantastic quality, very satisfied.",Positive
Worst customer service ever.,Negative
This made my day!,Positive
Absolutely thrilled with the update!,Positive
"Not good, not bad.",Neutral
Packaging was average.,Neutral
This is the worst!,Negative
Terrible experience.,Negative
"Excellent performance, as expected.",Positive
Neutral experience so far.,Neutral
"Poor quality, not worth the price.",Negative
I hate this so much.,Negative
Terrible experience.,Negative
"Poor quality, not worth the price.",Negative
Just trying it out.,Neutral
Terrible experience.,Negative
"Fantastic quality, very satisfied.",Positive
So happy with the results!,Positive
What a great experience!,Positive
"It's okay, nothing special.",Neutral
I’ll see how it performs.,Neutral
What a great experience!,Positive
Worst customer service ever.,Negative
"Excellent performance, as expected.",Positive
"Not good, not bad.",Neutral
"Excellent performance, as expected.",Positive
I love this product!,Positive
I don’t have an opinion yet.,Neutral
Very frustrated and angry.,Negative
Packaging was average.,Neutral
"Fantastic quality, very satisfied.",Positive
Terrible experience.,Negative
This made my day!,Positive
Using the product as expected.,Neutral
Best purchase ever!,Positive
I love this product!,Positive
This made my day!,Positive
Terrible experience.,Negative
I love this product!,Positive
So happy with the results!,Positive
Very frustrated and angry.,Negative
Amazing service!,Positive
Worst customer service ever.,Negative
Absolutely thrilled with the update!,Positive
Packaging was average.,Neutral
Never buying from here again.,Negative
Using the product as expected.,Neutral
Just trying it out.,Neutral
What a great experience!,Positive
Horrible and cheap.,Negative
Horrible and cheap.,Negative
Highly recommend this brand!,Positive
I hate this so much.,Negative
Terrible experience.,Negative
Neutral experience so far.,Neutral
Very frustrated and angry.,Negative
"Not good, not bad.",Neutral
"Not good, not bad.",Neutral
"Excellent performance, as expected.",Positive
Best purchase ever!,Positive
Broken when it arrived.,Negative
What a great experience!,Positive
What a great experience!,Positive
This is the worst!,Negative
Worst customer service ever.,Negative
I don’t have an opinion yet.,Neutral
Delivered on time.,Neutral
Best purchase ever!,Positive
Very frustrated and angry.,Negative
What a great experience!,Positive
Highly recommend this brand!,Positive
Delivered on time.,Neutral
Delivered on time.,Neutral
I’ll see how it performs.,Neutral
"Poor quality, not worth the price.",Negative
Very frustrated and angry.,Negative
"Fantastic quality, very satisfied.",Positive
I’ll see how it performs.,Neutral
"Excellent performance, as expected.",Positive
Horrible and cheap.,Negative
This made my day!,Positive
Never buying from here again.,Negative
Never buying from here again.,Negative
Packaging was average.,Neutral
"Not good, not bad.",Neutral
"It's okay, nothing special.",Neutral
Never buying from here again.,Negative
Using the product as expected.,Neutral
"It's okay, nothing special.",Neutral
Absolutely thrilled with the update!,Positive
Highly recommend this brand!,Positive
Neutral experience so far.,Neutral
"It's okay, nothing special.",Neutral
Completely disappointed with the service.,Negative
Completely disappointed with the service.,Negative
"Not good, not bad.",Neutral
I love this product!,Positive
Highly recommend this brand!,Positive
"Not good, not bad.",Neutral
Best purchase ever!,Positive
"Excellent performance, as expected.",Positive
I’ll see how it performs.,Neutral
I just received my order.,Neutral
This made my day!,Positive
Best purchase ever!,Positive
"Poor quality, not worth the price.",Negative
"It's okay, nothing special.",Neutral
Neutral experience so far.,Neutral
This made my day!,Positive
Absolutely thrilled with the update!,Positive
This is the worst!,Negative
Neutral experience so far.,Neutral
Completely disappointed with the service.,Negative
"Fantastic quality, very satisfied.",Positive
Very frustrated and angry.,Negative
"It's okay, nothing special.",Neutral
So happy with the results!,Positive
Packaging was average.,Neutral
What a great experience!,Positive
Just trying it out.,Neutral
Best purchase ever!,Positive
Highly recommend this brand!,Positive
I don’t have an opinion yet.,Neutral
I love this product!,Positive
Completely disappointed with the service.,Negative
Using the product as expected.,Neutral
Completely disappointed with the service.,Negative
Neutral experience so far.,Neutral
Delivered on time.,Neutral
This made my day!,Positive
Packaging was average.,Neutral
So happy with the results!,Positive
"Poor quality, not worth the price.",Negative
I love this product!,Positive
I’ll see how it performs.,Neutral
Neutral experience so far.,Neutral
I don’t have an opinion yet.,Neutral
What a great experience!,Positive
I love this product!,Positive
Packaging was average.,Neutral
Worst customer service ever.,Negative
Broken when it arrived.,Negative
Very frustrated and angry.,Negative
Using the product as expected.,Neutral
Packaging was average.,Neutral
I don’t have an opinion yet.,Neutral
Very frustrated and angry.,Negative
Horrible and cheap.,Negative
"Poor quality, not worth the price.",Negative
Very frustrated and angry.,Negative
Neutral experience so far.,Neutral
Very frustrated and angry.,Negative
Very frustrated and angry.,Negative
Horrible and cheap.,Negative
Absolutely thrilled with the update!,Positive
I love this product!,Positive
Broken when it arrived.,Negative
Amazing service!,Positive
Never buying from here again.,Negative
Highly recommend this brand!,Positive
Just trying it out.,Neutral
Neutral experience so far.,Neutral
I don’t have an opinion yet.,Neutral
Never buying from here again.,Negative
Horrible and cheap.,Negative
So happy with the results!,Positive
Absolutely thrilled with the update!,Positive
Absolutely thrilled with the update!,Positive
"Excellent performance, as expected.",Positive
Worst customer service ever.,Negative
Amazing service!,Positive
Neutral experience so far.,Neutral
Using the product as expected.,Neutral
I’ll see how it performs.,Neutral
"It's okay, nothing special.",Neutral
Absolutely thrilled with the update!,Positive
"It's okay, nothing special.",Neutral
Highly recommend this brand!,Positive
What a great experience!,Positive
"Not good, not bad.",Neutral
Absolutely thrilled with the update!,Positive
Just trying it out.,Neutral
I’ll see how it performs.,Neutral
Packaging was average.,Neutral
So happy with the results!,Positive
"Fantastic quality, very satisfied.",Positive
Amazing service!,Positive
Absolutely thrilled with the update!,Positive
This made my day!,Positive
What a great experience!,Positive
Very frustrated and angry.,Negative
What a great experience!,Positive
"Not good, not bad.",Neutral
Using the product as expected.,Neutral
I just received my order.,Neutral
Best purchase ever!,Positive
Terrible experience.,Negative
"Not good, not bad.",Neutral
Packaging was average.,Neutral
Terrible experience.,Negative
Completely disappointed with the service.,Negative
Using the product as expected.,Neutral
Highly recommend this brand!,Positive
"Excellent performance, as expected.",Positive
Highly recommend this brand!,Positive
Terrible experience.,Negative
Just trying it out.,Neutral
I’ll see how it performs.,Neutral
Neutral experience so far.,Neutral
Broken when it arrived.,Negative
Packaging was average.,Neutral
Horrible and cheap.,Negative
Just trying it out.,Neutral
Worst customer service ever.,Negative
Highly recommend this brand!,Positive
"It's okay, nothing special.",Neutral
I just received my order.,Neutral
Horrible and cheap.,Negative
So happy with the results!,Positive
Amazing service!,Positive
Highly recommend this brand!,Positive
I love this product!,Positive
I love this product!,Positive
Best purchase ever!,Positive
Never buying from here again.,Negative
Horrible and cheap.,Negative
Amazing service!,Positive
Using the product as expected.,Neutral
Absolutely thrilled with the update!,Positive
Best purchase ever!,Positive
Never buying from here again.,Negative
Completely disappointed with the service.,Negative
So happy with the results!,Positive
Just trying it out.,Neutral
This is the worst!,Negative
Delivered on time.,Neutral
Never buying from here again.,Negative
Amazing service!,Positive
This is the worst!,Negative
Delivered on time.,Neutral
This is the worst!,Negative
"Poor quality, not worth the price.",Negative
"Fantastic quality, very satisfied.",Positive
"Not good, not bad.",Neutral
Horrible and cheap.,Negative
Neutral experience so far.,Neutral
Terrible experience.,Negative
Very frustrated and angry.,Negative
What a great experience!,Positive
Best purchase ever!,Positive
Packaging was average.,Neutral
Packaging was average.,Neutral
Completely disappointed with the service.,Negative
This made my day!,Positive
Neutral experience so far.,Neutral
Delivered on time.,Neutral
"Poor quality, not worth the price.",Negative
This is the worst!,Negative
"Fantastic quality, very satisfied.",Positive
"Fantastic quality, very satisfied.",Positive
What a great experience!,Positive
Amazing service!,Positive
Neutral experience so far.,Neutral
"Fantastic quality, very satisfied.",Positive
Broken when it arrived.,Negative
Best purchase ever!,Positive
What a great experience!,Positive
Broken when it arrived.,Negative
Packaging was average.,Neutral
I just received my order.,Neutral
Never buying from here again.,Negative
Never buying from here again.,Negative
I just received my order.,Neutral
I’ll see how it performs.,Neutral
I don’t have an opinion yet.,Neutral
Amazing service!,Positive
"Excellent performance, as expected.",Positive
"Poor quality, not worth the price.",Negative
"Fantastic quality, very satisfied.",Positive
I love this product!,Positive
Just trying it out.,Neutral
Delivered on time.,Neutral
Horrible and cheap.,Negative
Horrible and cheap.,Negative
Highly recommend this brand!,Positive
Using the product as expected.,Neutral
"It's okay, nothing special.",Neutral
Worst customer service ever.,Negative
"Excellent performance, as expected.",Positive
Terrible experience.,Negative
Highly recommend this brand!,Positive
Horrible and cheap.,Negative
Horrible and cheap.,Negative
Highly recommend this brand!,Positive
Best purchase ever!,Positive
Very frustrated and angry.,Negative
"Not good, not bad.",Neutral
Highly recommend this brand!,Positive
Packaging was average.,Neutral
What a great experience!,Positive
Using the product as expected.,Neutral
So happy with the results!,Positive
Packaging was average.,Neutral
Highly recommend this brand!,Positive
Delivered on time.,Neutral
Horrible and cheap.,Negative
Best purchase ever!,Positive
Worst customer service ever.,Negative
"It's okay, nothing special.",Neutral
Neutral experience so far.,Neutral
I love this product!,Positive
Neutral experience so far.,Neutral
I love this product!,Positive
Terrible experience.,Negative
I’ll see how it performs.,Neutral
Best purchase ever!,Positive
Neutral experience so far.,Neutral
Absolutely thrilled with the update!,Positive
"Not good, not bad.",Neutral
Neutral experience so far.,Neutral
This is the worst!,Negative
Neutral experience so far.,Neutral
This is the worst!,Negative
Terrible experience.,Negative
I just received my order.,Neutral
Completely disappointed with the service.,Negative
Packaging was average.,Neutral
Very frustrated and angry.,Negative
What a great experience!,Positive
I hate this so much.,Negative
This is the worst!,Negative
I love this product!,Positive
Using the product as expected.,Neutral
"Poor quality, not worth the price.",Negative
I just received my order.,Neutral
Just trying it out.,Neutral
"It's okay, nothing special.",Neutral
Very frustrated and angry.,Negative
I don’t have an opinion yet.,Neutral
I hate this so much.,Negative
Terrible experience.,Negative
I love this product!,Positive
Absolutely thrilled with the update!,Positive
Best purchase ever!,Positive
Just trying it out.,Neutral
I don’t have an opinion yet.,Neutral
I don’t have an opinion yet.,Neutral
Horrible and cheap.,Negative
"Fantastic quality, very satisfied.",Positive
Worst customer service ever.,Negative
What a great experience!,Positive
I hate this so much.,Negative
I just received my order.,Neutral
Terrible experience.,Negative
"Poor quality, not worth the price.",Negative
Delivered on time.,Neutral
I’ll see how it performs.,Neutral
Very frustrated and angry.,Negative
Highly recommend this brand!,Positive
I don’t have an opinion yet.,Neutral
Absolutely thrilled with the update!,Positive
Delivered on time.,Neutral
Worst customer service ever.,Negative
I just received my order.,Neutral
Neutral experience so far.,Neutral
"Not good, not bad.",Neutral
Packaging was average.,Neutral
"Not good, not bad.",Neutral
This is the worst!,Negative
I just received my order.,Neutral
Highly recommend this brand!,Positive
Never buying from here again.,Negative
Broken when it arrived.,Negative
"Not good, not bad.",Neutral
Completely disappointed with the service.,Negative
Worst customer service ever.,Negative
"Excellent performance, as expected.",Positive
Just trying it out.,Neutral
I just received my order.,Neutral
I just received my order.,Neutral
Terrible experience.,Negative
"Poor quality, not worth the price.",Negative
Packaging was average.,Neutral
Worst customer service ever.,Negative
Packaging was average.,Neutral
Amazing service!,Positive
"It's okay, nothing special.",Neutral
"Not good, not bad.",Neutral
Using the product as expected.,Neutral
So happy with the results!,Positive
Best purchase ever!,Positive
Worst customer service ever.,Negative
Very frustrated and angry.,Negative
Broken when it arrived.,Negative
This made my day!,Positive
I love this product!,Positive
Worst customer service ever.,Negative
This made my day!,Positive
Packaging was average.,Neutral
Worst customer service ever.,Negative
Never buying from here again.,Negative
Terrible experience.,Negative
Very frustrated and angry.,Negative
I just received my order.,Neutral
Delivered on time.,Neutral
Absolutely thrilled with the update!,Positive
Best purchase ever!,Positive
I hate this so much.,Negative
Completely disappointed with the service.,Negative
I just received my order.,Neutral
Completely disappointed with the service.,Negative
"Excellent performance, as expected.",Positive
I’ll see how it performs.,Neutral
"Not good, not bad.",Neutral
Very frustrated and angry.,Negative
Broken when it arrived.,Negative
"It's okay, nothing special.",Neutral
Never buying from here again.,Negative
Delivered on time.,Neutral
I just received my order.,Neutral
Using the product as expected.,Neutral
Horrible and cheap.,Negative
Horrible and cheap.,Negative
Best purchase ever!,Positive
I’ll see how it performs.,Neutral
"Fantastic quality, very satisfied.",Positive
"Not good, not bad.",Neutral
"Excellent performance, as expected.",Positive
This made my day!,Positive
So happy with the results!,Positive
Highly recommend this brand!,Positive
I don’t have an opinion yet.,Neutral
This made my day!,Positive
Packaging was average.,Neutral
I just received my order.,Neutral
I love this product!,Positive
Terrible experience.,Negative
What a great experience!,Positive
Best purchase ever!,Positive
Using the product as expected.,Neutral
Never buying from here again.,Negative
What a great experience!,Positive
Highly recommend this brand!,Positive
I just received my order.,Neutral
Amazing service!,Positive
This made my day!,Positive
Delivered on time.,Neutral
"Fantastic quality, very satisfied.",Positive
Amazing service!,Positive
"Fantastic quality, very satisfied.",Positive
Terrible experience.,Negative
I’ll see how it performs.,Neutral
Very frustrated and angry.,Negative
What a great experience!,Positive
Completely disappointed with the service.,Negative
Absolutely thrilled with the update!,Positive
I love this product!,Positive
Terrible experience.,Negative
I’ll see how it performs.,Neutral
Absolutely thrilled with the update!,Positive
I love this product!,Positive
Broken when it arrived.,Negative
Delivered on time.,Neutral
Horrible and cheap.,Negative
Worst customer service ever.,Negative
I love this product!,Positive
This is the worst!,Negative
Very frustrated and angry.,Negative
Just trying it out.,Neutral
Neutral experience so far.,Neutral
Neutral experience so far.,Neutral
Delivered on time.,Neutral
Amazing service!,Positive
Horrible and cheap.,Negative
"Excellent performance, as expected.",Positive
Worst customer service ever.,Negative
Using the product as expected.,Neutral
Just trying it out.,Neutral
I don’t have an opinion yet.,Neutral
Terrible experience.,Negative
What a great experience!,Positive
This is the worst!,Negative
Worst customer service ever.,Negative
Best purchase ever!,Positive
"Poor quality, not worth the price.",Negative
Broken when it arrived.,Negative
I love this product!,Positive
Just trying it out.,Neutral
Broken when it arrived.,Negative
"Excellent performance, as expected.",Positive
I hate this so much.,Negative
"Fantastic quality, very satisfied.",Positive
Worst customer service ever.,Negative
Terrible experience.,Negative
Never buying from here again.,Negative
Terrible experience.,Negative
Absolutely thrilled with the update!,Positive
I just received my order.,Neutral
"Excellent performance, as expected.",Positive
"Not good, not bad.",Neutral
Terrible experience.,Negative
Amazing service!,Positive
Best purchase ever!,Positive
Highly recommend this brand!,Positive
Using the product as expected.,Neutral
Completely disappointed with the service.,Negative
I just received my order.,Neutral
I love this product!,Positive
"Fantastic quality, very satisfied.",Positive
So happy with the results!,Positive
Completely disappointed with the service.,Negative
"It's okay, nothing special.",Neutral
I’ll see how it performs.,Neutral
Amazing service!,Positive
Amazing service!,Positive
I don’t have an opinion yet.,Neutral
Completely disappointed with the service.,Negative
I love this product!,Positive
So happy with the results!,Positive
I love this product!,Positive
Best purchase ever!,Positive
I hate this so much.,Negative
I hate this so much.,Negative
I love this product!,Positive
Horrible and cheap.,Negative
Packaging was average.,Neutral
Best purchase ever!,Positive
What a great experience!,Positive
Amazing service!,Positive
"Poor quality, not worth the price.",Negative
Just trying it out.,Neutral
I just received my order.,Neutral
Absolutely thrilled with the update!,Positive
"Poor quality, not worth the price.",Negative
"Poor quality, not worth the price.",Negative
This made my day!,Positive
So happy with the results!,Positive
Worst customer service ever.,Negative
Just trying it out.,Neutral
Horrible and cheap.,Negative
This is the worst!,Negative
Just trying it out.,Neutral
"Poor quality, not worth the price.",Negative
Highly recommend this brand!,Positive
Packaging was average.,Neutral
Packaging was average.,Neutral
Never buying from here again.,Negative
Absolutely thrilled with the update!,Positive
Very frustrated and angry.,Negative
This made my day!,Positive
This is the worst!,Negative
I hate this so much.,Negative
I love this product!,Positive
Horrible and cheap.,Negative
I just received my order.,Neutral
Just trying it out.,Neutral
So happy with the results!,Positive
Using the product as expected.,Neutral
Worst customer service ever.,Negative
"Excellent performance, as expected.",Positive
Very frustrated and angry.,Negative
Neutral experience so far.,Neutral
Delivered on time.,Neutral
Delivered on time.,Neutral
Worst customer service ever.,Negative
Horrible and cheap.,Negative
Neutral experience so far.,Neutral
"It's okay, nothing special.",Neutral
"Excellent performance, as expected.",Positive
"Not good, not bad.",Neutral
What a great experience!,Positive
So happy with the results!,Positive
Worst customer service ever.,Negative
Terrible experience.,Negative
Just trying it out.,Neutral
Never buying from here again.,Negative
Completely disappointed with the service.,Negative
Highly recommend this brand!,Positive
Very frustrated and angry.,Negative
"It's okay, nothing special.",Neutral
Broken when it arrived.,Negative
Amazing service!,Positive
I love this product!,Positive
"Not good, not bad.",Neutral
So happy with the results!,Positive
What a great experience!,Positive
This is the worst!,Negative
Delivered on time.,Neutral
Terrible experience.,Negative
This made my day!,Positive
I’ll see how it performs.,Neutral
"Not good, not bad.",Neutral
What a great experience!,Positive
"Not good, not bad.",Neutral
Terrible experience.,Negative
Never buying from here again.,Negative
Highly recommend this brand!,Positive
Horrible and cheap.,Negative
Just trying it out.,Neutral
Very frustrated and angry.,Negative
Using the product as expected.,Neutral
Best purchase ever!,Positive
Absolutely thrilled with the update!,Positive
I just received my order.,Neutral
Amazing service!,Positive
"It's okay, nothing special.",Neutral
I hate this so much.,Negative
I just received my order.,Neutral
"Excellent performance, as expected.",Positive
Just trying it out.,Neutral
"Excellent performance, as expected.",Positive
Just trying it out.,Neutral
Amazing service!,Positive
Neutral experience so far.,Neutral
I don’t have an opinion yet.,Neutral
"It's okay, nothing special.",Neutral
This is the worst!,Negative
Neutral experience so far.,Neutral
Delivered on time.,Neutral
"Excellent performance, as expected.",Positive
Neutral experience so far.,Neutral
I hate this so much.,Negative
Terrible experience.,Negative
Very frustrated and angry.,Negative
"Excellent performance, as expected.",Positive
Worst customer service ever.,Negative
Never buying from here again.,Negative
"It's okay, nothing special.",Neutral
"Not good, not bad.",Neutral
Best purchase ever!,Positive
I’ll see how it performs.,Neutral
Worst customer service ever.,Negative
"It's okay, nothing special.",Neutral
Using the product as expected.,Neutral
Horrible and cheap.,Negative
Horrible and cheap.,Negative
Worst customer service ever.,Negative
"Poor quality, not worth the price.",Negative
Very frustrated and angry.,Negative
Terrible experience.,Negative
What a great experience!,Positive
I just received my order.,Neutral
"Poor quality, not worth the price.",Negative
"Fantastic quality, very satisfied.",Positive
Delivered on time.,Neutral
Amazing service!,Positive
Highly recommend this brand!,Positive
I’ll see how it performs.,Neutral
I’ll see how it performs.,Neutral
"Not good, not bad.",Neutral
Highly recommend this brand!,Positive
Terrible experience.,Negative
Neutral experience so far.,Neutral
Absolutely thrilled with the update!,Positive
Delivered on time.,Neutral
This made my day!,Positive
Amazing service!,Positive
Worst customer service ever.,Negative
"Not good, not bad.",Neutral
Just trying it out.,Neutral
Broken when it arrived.,Negative
Never buying from here again.,Negative
Just trying it out.,Neutral
Worst customer service ever.,Negative
Absolutely thrilled with the update!,Positive
"Poor quality, not worth the price.",Negative
Packaging was average.,Neutral
"Excellent performance, as expected.",Positive
"Fantastic quality, very satisfied.",Positive
Completely disappointed with the service.,Negative
Worst customer service ever.,Negative
Never buying from here again.,Negative
"Not good, not bad.",Neutral
So happy with the results!,Positive
Broken when it arrived.,Negative
Broken when it arrived.,Negative
Terrible experience.,Negative
I’ll see how it performs.,Neutral
Packaging was average.,Neutral
Broken when it arrived.,Negative
Never buying from here again.,Negative
"Fantastic quality, very satisfied.",Positive
"It's okay, nothing special.",Neutral
Just trying it out.,Neutral
I love this product!,Positive
I just received my order.,Neutral
Neutral experience so far.,Neutral
Packaging was average.,Neutral
Broken when it arrived.,Negative
Using the product as expected.,Neutral
"Not good, not bad.",Neutral
"Excellent performance, as expected.",Positive
Neutral experience so far.,Neutral
So happy with the results!,Positive
So happy with the results!,Positive
Very frustrated and angry.,Negative
Using the product as expected.,Neutral
Packaging was average.,Neutral
Best purchase ever!,Positive
Never buying from here again.,Negative
Worst customer service ever.,Negative
I hate this so much.,Negative
Just trying it out.,Neutral
